{"totals":{"ethValue":1454.9319202642903,"averageEthValue":0.11443541924369123,"events":12714,"usdValue":5605586.223996444,"averageUsdValue":440.8987119707758},"yearTotals":{"ethValue":25.715899495800063,"averageEthValue":0.0252364077485771,"events":1019,"usdValue":57550.488700916474,"averageUsdValue":56.47741776341165},"monthTotals":{"ethValue":0.14980215000000002,"averageEthValue":0.010700153571428573,"events":14,"usdValue":224.8887262135462,"averageUsdValue":16.063480443824727},"dayTotals":{"ethValue":null,"averageEthValue":null,"events":0,"usdValue":null,"averageUsdValue":null}}