{"totals":{"ethValue":1455.0241390142905,"averageEthValue":0.11435273019603037,"events":12724,"usdValue":5605743.903175874,"averageUsdValue":440.56459471674583},"yearTotals":{"ethValue":14.005775968799977,"averageEthValue":0.02492130955302487,"events":562,"usdValue":25342.876832163412,"averageUsdValue":45.094086889970484},"monthTotals":{"ethValue":0.0625,"averageEthValue":0.015625,"events":4,"usdValue":109.694979754,"averageUsdValue":27.4237449385},"dayTotals":{"ethValue":0.0104,"averageEthValue":0.0104,"events":1,"usdValue":19.005168,"averageUsdValue":19.005168}}